id,age_min_y,age_min_m,age_max_y,age_max_m,raw_min,raw_max,scaled,percentile

eh,4,0,4,2,0,9,1,0
eh,4,0,4,2,10,19,2,0
eh,4,0,4,2,20,30,3,1
eh,4,0,4,2,31,40,4,2
eh,4,0,4,2,41,50,5,5
eh,4,0,4,2,51,61,6,9
eh,4,0,4,2,62,73,7,16
eh,4,0,4,2,74,84,8,25
eh,4,0,4,2,85,96,9,37
eh,4,0,4,2,97,107,10,50
eh,4,0,4,2,108,118,11,63
eh,4,0,4,2,119,128,12,75
eh,4,0,4,2,129,137,13,84
eh,4,0,4,2,138,145,14,91
eh,4,0,4,2,146,152,15,95
eh,4,0,4,2,153,159,16,98
eh,4,0,4,2,160,164,17,99
eh,4,0,4,2,165,169,18,100
eh,4,0,4,2,170,175,19,100
eh,4,0,4,2,176,inf,20,100

co,4,0,4,2,0,1,4,2
co,4,0,4,2,2,2,5,5
co,4,0,4,2,3,3,6,9
co,4,0,4,2,4,4,7,16
co,4,0,4,2,5,5,8,25
co,4,0,4,2,6,6,9,37
co,4,0,4,2,7,8,10,50
co,4,0,4,2,9,9,11,63
co,4,0,4,2,10,11,12,75
co,4,0,4,2,12,12,13,84
co,4,0,4,2,13,14,14,91
co,4,0,4,2,15,16,15,95
co,4,0,4,2,17,17,16,98
co,4,0,4,2,18,19,17,99
co,4,0,4,2,20,21,18,100
co,4,0,4,2,22,22,19,100
co,4,0,4,2,23,inf,20,100

fg,4,0,4,2,0,2,2,0
fg,4,0,4,2,3,8,3,1
fg,4,0,4,2,9,11,4,2
fg,4,0,4,2,12,13,5,5
fg,4,0,4,2,14,14,6,9
fg,4,0,4,2,15,16,7,16
fg,4,0,4,2,17,19,8,25
fg,4,0,4,2,20,21,9,37
fg,4,0,4,2,22,25,10,50
fg,4,0,4,2,26,28,11,63
fg,4,0,4,2,29,32,12,75
fg,4,0,4,2,33,35,13,84
fg,4,0,4,2,36,38,14,91
fg,4,0,4,2,39,42,15,95
fg,4,0,4,2,43,46,16,98
fg,4,0,4,2,47,50,17,99
fg,4,0,4,2,51,55,18,100
fg,4,0,4,2,56,59,19,100
fg,4,0,4,2,60,inf,20,100

vc,4,0,4,2,0,1,4,2
vc,4,0,4,2,2,2,5,5
vc,4,0,4,2,3,3,6,9
vc,4,0,4,2,4,4,7,16
vc,4,0,4,2,5,5,8,25
vc,4,0,4,2,6,6,9,37
vc,4,0,4,2,7,7,10,50
vc,4,0,4,2,8,8,11,63
vc,4,0,4,2,9,9,12,75
vc,4,0,4,2,10,10,13,84
vc,4,0,4,2,11,11,14,91
vc,4,0,4,2,12,12,15,95
vc,4,0,4,2,13,13,16,98
vc,4,0,4,2,14,14,17,99
vc,4,0,4,2,15,15,18,100
vc,4,0,4,2,16,16,19,100
vc,4,0,4,2,17,inf,20,100

fc,4,0,4,2,0,1,1,0
fc,4,0,4,2,2,4,2,0
fc,4,0,4,2,5,7,3,1
fc,4,0,4,2,8,10,4,1
fc,4,0,4,2,11,13,5,5
fc,4,0,4,2,14,15,6,9
fc,4,0,4,2,16,17,7,16
fc,4,0,4,2,18,20,8,25
fc,4,0,4,2,21,22,9,37
fc,4,0,4,2,23,24,10,50
fc,4,0,4,2,25,25,11,63
fc,4,0,4,2,26,27,12,75
fc,4,0,4,2,28,29,13,84
fc,4,0,4,2,30,30,14,91
fc,4,0,4,2,31,32,15,95
fc,4,0,4,2,33,33,16,98
fc,4,0,4,2,34,35,17,99
fc,4,0,4,2,36,36,18,100
fc,4,0,4,2,37,38,19,100
fc,4,0,4,2,39,inf,20,100

eh,4,3,4,5,0,16,1,0
eh,4,3,4,5,17,28,2,0
eh,4,3,4,5,29,39,3,1
eh,4,3,4,5,40,50,4,2
eh,4,3,4,5,51,60,5,5
eh,4,3,4,5,61,71,6,9
eh,4,3,4,5,72,82,7,16
eh,4,3,4,5,83,93,8,25
eh,4,3,4,5,94,104,9,37
eh,4,3,4,5,105,114,10,50
eh,4,3,4,5,115,124,11,63
eh,4,3,4,5,125,133,12,75
eh,4,3,4,5,134,142,13,84
eh,4,3,4,5,143,149,14,91
eh,4,3,4,5,150,157,15,95
eh,4,3,4,5,158,163,16,98
eh,4,3,4,5,164,169,17,99
eh,4,3,4,5,170,175,18,100
eh,4,3,4,5,176,181,19,100
eh,4,3,4,5,182,inf,20,100

co,4,3,4,5,0,1,4,2
co,4,3,4,5,2,2,5,5
co,4,3,4,5,3,3,6,9
co,4,3,4,5,4,5,7,16
co,4,3,4,5,6,6,8,25
co,4,3,4,5,7,8,9,37
co,4,3,4,5,9,9,10,50
co,4,3,4,5,10,11,11,63
co,4,3,4,5,12,12,12,75
co,4,3,4,5,13,14,13,84
co,4,3,4,5,15,16,14,91
co,4,3,4,5,17,17,15,95
co,4,3,4,5,18,19,16,98
co,4,3,4,5,20,21,17,99
co,4,3,4,5,22,22,18,100
co,4,3,4,5,23,24,19,100
co,4,3,4,5,25,inf,20,100

fg,4,3,4,5,0,3,2,0
fg,4,3,4,5,4,9,3,1
fg,4,3,4,5,10,12,4,2
fg,4,3,4,5,13,14,5,5
fg,4,3,4,5,15,16,6,9
fg,4,3,4,5,17,19,7,16
fg,4,3,4,5,20,22,8,25
fg,4,3,4,5,23,25,9,37
fg,4,3,4,5,26,28,10,50
fg,4,3,4,5,29,32,11,63
fg,4,3,4,5,33,35,12,75
fg,4,3,4,5,36,39,13,84
fg,4,3,4,5,40,42,14,91
fg,4,3,4,5,43,46,15,95
fg,4,3,4,5,47,50,16,98
fg,4,3,4,5,51,54,17,99
fg,4,3,4,5,55,59,18,100
fg,4,3,4,5,60,63,19,100
fg,4,3,4,5,64,inf,20,100

vc,4,3,4,5,0,1,4,2
vc,4,3,4,5,2,2,5,5
vc,4,3,4,5,3,3,6,9
vc,4,3,4,5,4,4,7,16
vc,4,3,4,5,5,5,8,25
vc,4,3,4,5,6,6,9,37
vc,4,3,4,5,7,7,10,50
vc,4,3,4,5,8,8,11,63
vc,4,3,4,5,9,9,12,75
vc,4,3,4,5,10,10,13,84
vc,4,3,4,5,11,11,14,91
vc,4,3,4,5,12,12,15,95
vc,4,3,4,5,13,13,16,98
vc,4,3,4,5,14,14,17,99
vc,4,3,4,5,15,15,18,100
vc,4,3,4,5,16,16,19,100
vc,4,3,4,5,17,inf,20,100

fc,4,3,4,5,0,4,1,0
fc,4,3,4,5,5,7,2,0
fc,4,3,4,5,8,10,3,1
fc,4,3,4,5,11,13,4,2
fc,4,3,4,5,14,15,5,5
fc,4,3,4,5,16,17,6,9
fc,4,3,4,5,18,20,7,16
fc,4,3,4,5,21,22,8,25
fc,4,3,4,5,23,24,9,37
fc,4,3,4,5,25,25,10,50
fc,4,3,4,5,26,27,11,63
fc,4,3,4,5,28,29,12,75
fc,4,3,4,5,30,30,13,84
fc,4,3,4,5,31,32,14,91
fc,4,3,4,5,33,33,15,95
fc,4,3,4,5,34,35,16,98
fc,4,3,4,5,36,36,17,98
fc,4,3,4,5,37,38,18,100
fc,4,3,4,5,39,inf,20,100

eh,4,6,4,8,0,25,1,0
eh,4,6,4,8,26,37,2,0
eh,4,6,4,8,38,48,3,1
eh,4,6,4,8,49,59,4,2
eh,4,6,4,8,60,70,5,5
eh,4,6,4,8,71,80,6,9
eh,4,6,4,8,81,91,7,16
eh,4,6,4,8,92,101,8,25
eh,4,6,4,8,102,112,9,37
eh,4,6,4,8,113,122,10,50
eh,4,6,4,8,123,131,11,63
eh,4,6,4,8,132,140,12,75
eh,4,6,4,8,141,148,13,84
eh,4,6,4,8,149,155,14,91
eh,4,6,4,8,156,163,15,95
eh,4,6,4,8,164,169,16,98
eh,4,6,4,8,170,175,17,99
eh,4,6,4,8,176,181,18,100
eh,4,6,4,8,182,188,19,100
eh,4,6,4,8,189,inf,20,100

co,4,6,4,8,0,1,3,1
co,4,6,4,8,2,2,4,2
co,4,6,4,8,3,3,5,5
co,4,6,4,8,4,5,6,9
co,4,6,4,8,6,6,7,16
co,4,6,4,8,7,8,8,25
co,4,6,4,8,9,9,9,37
co,4,6,4,8,10,11,10,50
co,4,6,4,8,12,12,11,63
co,4,6,4,8,13,14,12,75
co,4,6,4,8,15,16,13,84
co,4,6,4,8,17,17,14,91
co,4,6,4,8,18,19,15,95
co,4,6,4,8,20,21,16,98
co,4,6,4,8,22,22,17,99
co,4,6,4,8,23,24,18,100
co,4,6,4,8,25,26,19,100
co,4,6,4,8,27,inf,20,100

fg,4,6,4,8,0,1,1,0
fg,4,6,4,8,2,4,2,0
fg,4,6,4,8,5,10,3,1
fg,4,6,4,8,11,13,4,2
fg,4,6,4,8,14,15,5,5
fg,4,6,4,8,16,18,6,9
fg,4,6,4,8,19,21,7,16
fg,4,6,4,8,22,24,8,25
fg,4,6,4,8,25,28,9,37
fg,4,6,4,8,29,31,10,50
fg,4,6,4,8,32,35,11,63
fg,4,6,4,8,36,38,12,75
fg,4,6,4,8,39,42,13,84
fg,4,6,4,8,43,46,14,91
fg,4,6,4,8,47,50,15,95
fg,4,6,4,8,51,53,16,98
fg,4,6,4,8,54,57,17,99
fg,4,6,4,8,58,61,18,100
fg,4,6,4,8,62,66,19,100
fg,4,6,4,8,67,inf,20,100

vc,4,6,4,8,0,1,4,2
vc,4,6,4,8,2,2,5,5
vc,4,6,4,8,3,3,6,9
vc,4,6,4,8,4,4,7,16
vc,4,6,4,8,5,5,8,25
vc,4,6,4,8,6,6,9,37
vc,4,6,4,8,7,7,10,50
vc,4,6,4,8,8,8,11,63
vc,4,6,4,8,9,9,12,75
vc,4,6,4,8,10,10,13,84
vc,4,6,4,8,11,11,14,91
vc,4,6,4,8,12,12,15,95
vc,4,6,4,8,13,13,16,98
vc,4,6,4,8,14,15,17,99
vc,4,6,4,8,16,16,18,100
vc,4,6,4,8,17,17,19,100
vc,4,6,4,8,18,inf,20,100

fc,4,6,4,8,0,7,1,0
fc,4,6,4,8,8,9,2,0
fc,4,6,4,8,10,12,3,1
fc,4,6,4,8,13,15,4,2
fc,4,6,4,8,16,17,5,5
fc,4,6,4,8,18,19,6,9
fc,4,6,4,8,20,21,7,16
fc,4,6,4,8,22,23,8,25
fc,4,6,4,8,24,25,9,37
fc,4,6,4,8,26,27,10,50
fc,4,6,4,8,28,29,11,63
fc,4,6,4,8,30,30,12,75
fc,4,6,4,8,31,32,13,84
fc,4,6,4,8,33,33,14,91
fc,4,6,4,8,34,35,15,95
fc,4,6,4,8,36,36,16,98
fc,4,6,4,8,37,38,17,99
fc,4,6,4,8,39,39,18,100
fc,4,6,4,8,40,41,19,100
fc,4,6,4,8,42,inf,20,100

eh,4,9,4,11,0,34,1,0
eh,4,9,4,11,35,46,2,0
eh,4,9,4,11,47,58,3,1
eh,4,9,4,11,59,68,4,2
eh,4,9,4,11,69,79,5,5
eh,4,9,4,11,80,89,6,9
eh,4,9,4,11,90,99,7,16
eh,4,9,4,11,100,110,8,25
eh,4,9,4,11,111,120,9,37
eh,4,9,4,11,121,130,10,50
eh,4,9,4,11,131,139,11,63
eh,4,9,4,11,140,147,12,75
eh,4,9,4,11,148,155,13,84
eh,4,9,4,11,156,163,14,91
eh,4,9,4,11,164,169,15,95
eh,4,9,4,11,170,175,16,98
eh,4,9,4,11,176,181,17,99
eh,4,9,4,11,182,188,18,100
eh,4,9,4,11,189,189,19,100
eh,4,9,4,11,190,inf,20,100

co,4,9,4,11,0,1,2,0
co,4,9,4,11,2,2,3,1
co,4,9,4,11,3,3,4,2
co,4,9,4,11,4,4,5,5
co,4,9,4,11,5,6,6,9
co,4,9,4,11,7,7,7,16
co,4,9,4,11,8,9,8,25
co,4,9,4,11,10,11,9,37
co,4,9,4,11,12,12,10,50
co,4,9,4,11,13,14,11,63
co,4,9,4,11,15,16,12,75
co,4,9,4,11,17,17,13,84
co,4,9,4,11,18,19,14,91
co,4,9,4,11,20,21,15,95
co,4,9,4,11,22,22,16,98
co,4,9,4,11,23,24,17,99
co,4,9,4,11,25,26,18,100
co,4,9,4,11,27,28,19,100
co,4,9,4,11,29,inf,20,100

fg,4,9,4,11,0,1,1,0
fg,4,9,4,11,2,5,2,0
fg,4,9,4,11,6,10,3,1
fg,4,9,4,11,11,13,4,2
fg,4,9,4,11,14,17,5,5
fg,4,9,4,11,18,20,6,9
fg,4,9,4,11,21,23,7,16
fg,4,9,4,11,24,27,8,25
fg,4,9,4,11,28,30,9,37
fg,4,9,4,11,31,34,10,50
fg,4,9,4,11,35,38,11,63
fg,4,9,4,11,39,41,12,75
fg,4,9,4,11,42,45,13,84
fg,4,9,4,11,46,49,14,91
fg,4,9,4,11,50,52,15,95
fg,4,9,4,11,53,56,16,98
fg,4,9,4,11,57,60,17,99
fg,4,9,4,11,61,64,18,100
fg,4,9,4,11,65,67,19,100
fg,4,9,4,11,68,inf,20,100

vc,4,9,4,11,0,1,3,1
vc,4,9,4,11,2,2,4,2
vc,4,9,4,11,3,3,5,5
vc,4,9,4,11,4,4,6,9
vc,4,9,4,11,5,5,7,16
vc,4,9,4,11,6,6,8,25
vc,4,9,4,11,7,7,9,37
vc,4,9,4,11,8,8,10,50
vc,4,9,4,11,9,9,11,63
vc,4,9,4,11,10,10,12,75
vc,4,9,4,11,11,11,13,84
vc,4,9,4,11,12,12,14,91
vc,4,9,4,11,13,13,15,95
vc,4,9,4,11,14,14,16,98
vc,4,9,4,11,15,15,17,99
vc,4,9,4,11,16,16,18,100
vc,4,9,4,11,17,17,19,100
vc,4,9,4,11,18,inf,20,100

fc,4,9,4,11,0,9,1,0
fc,4,9,4,11,10,11,2,0
fc,4,9,4,11,12,14,3,1
fc,4,9,4,11,15,16,4,2
fc,4,9,4,11,17,19,5,5
fc,4,9,4,11,20,21,6,9
fc,4,9,4,11,22,23,7,16
fc,4,9,4,11,24,25,8,25
fc,4,9,4,11,26,27,9,37
fc,4,9,4,11,28,28,10,50
fc,4,9,4,11,29,30,11,63
fc,4,9,4,11,31,32,12,75
fc,4,9,4,11,33,33,13,84
fc,4,9,4,11,34,35,14,91
fc,4,9,4,11,36,36,15,95
fc,4,9,4,11,37,38,16,98
fc,4,9,4,11,39,39,17,99
fc,4,9,4,11,40,41,18,100
fc,4,9,4,11,42,42,19,100
fc,4,9,4,11,43,inf,20,100

eh,5,0,5,2,0,43,1,0
eh,5,0,5,2,44,55,2,0
eh,5,0,5,2,56,67,3,1
eh,5,0,5,2,68,77,4,2
eh,5,0,5,2,78,87,5,5
eh,5,0,5,2,88,97,6,9
eh,5,0,5,2,98,108,7,16
eh,5,0,5,2,109,118,8,25
eh,5,0,5,2,119,128,9,37
eh,5,0,5,2,129,138,10,50
eh,5,0,5,2,139,147,11,63
eh,5,0,5,2,148,155,12,75
eh,5,0,5,2,156,163,13,84
eh,5,0,5,2,164,170,14,91
eh,5,0,5,2,171,176,15,95
eh,5,0,5,2,177,181,16,98
eh,5,0,5,2,182,188,17,99
eh,5,0,5,2,189,189,18,100
eh,5,0,5,2,190,190,19,100
eh,5,0,5,2,191,inf,20,100

co,5,0,5,2,0,1,1,0
co,5,0,5,2,2,2,2,0
co,5,0,5,2,3,3,3,1
co,5,0,5,2,4,4,4,2
co,5,0,5,2,5,5,5,5
co,5,0,5,2,6,7,6,9
co,5,0,5,2,8,9,7,16
co,5,0,5,2,10,10,8,25
co,5,0,5,2,11,12,9,37
co,5,0,5,2,13,14,10,50
co,5,0,5,2,15,16,11,63
co,5,0,5,2,17,17,12,75
co,5,0,5,2,18,19,13,84
co,5,0,5,2,20,21,14,91
co,5,0,5,2,22,22,15,95
co,5,0,5,2,23,24,16,98
co,5,0,5,2,25,26,17,99
co,5,0,5,2,27,28,18,100
co,5,0,5,2,29,29,19,100
co,5,0,5,2,30,inf,20,100

fg,5,0,5,2,0,2,1,0
fg,5,0,5,2,3,6,2,0
fg,5,0,5,2,7,10,3,1
fg,5,0,5,2,11,14,4,2
fg,5,0,5,2,15,18,5,5
fg,5,0,5,2,19,22,6,9
fg,5,0,5,2,23,25,7,16
fg,5,0,5,2,26,29,8,25
fg,5,0,5,2,30,33,9,37
fg,5,0,5,2,34,36,10,50
fg,5,0,5,2,37,40,11,63
fg,5,0,5,2,41,44,12,75
fg,5,0,5,2,45,47,13,84
fg,5,0,5,2,48,51,14,91
fg,5,0,5,2,52,54,15,95
fg,5,0,5,2,55,58,16,98
fg,5,0,5,2,59,61,17,99
fg,5,0,5,2,62,65,18,100
fg,5,0,5,2,66,67,19,100
fg,5,0,5,2,68,inf,20,100

vc,5,0,5,2,0,1,3,1
vc,5,0,5,2,2,2,4,2
vc,5,0,5,2,3,3,5,5
vc,5,0,5,2,4,4,6,9
vc,5,0,5,2,5,5,7,16
vc,5,0,5,2,6,6,8,25
vc,5,0,5,2,7,7,9,37
vc,5,0,5,2,8,8,10,50
vc,5,0,5,2,9,9,11,63
vc,5,0,5,2,10,10,12,75
vc,5,0,5,2,11,11,13,84
vc,5,0,5,2,12,12,14,91
vc,5,0,5,2,13,13,15,95
vc,5,0,5,2,14,15,16,98
vc,5,0,5,2,16,16,17,99
vc,5,0,5,2,17,17,18,100
vc,5,0,5,2,18,18,19,100
vc,5,0,5,2,19,inf,20,100

fc,5,0,5,2,0,10,1,0
fc,5,0,5,2,11,13,2,0
fc,5,0,5,2,14,15,3,1
fc,5,0,5,2,16,17,4,2
fc,5,0,5,2,18,20,5,5
fc,5,0,5,2,21,22,6,9
fc,5,0,5,2,23,24,7,16
fc,5,0,5,2,25,26,8,25
fc,5,0,5,2,27,28,9,37
fc,5,0,5,2,29,29,10,50
fc,5,0,5,2,30,31,11,63
fc,5,0,5,2,32,33,12,75
fc,5,0,5,2,34,35,13,84
fc,5,0,5,2,36,36,14,91
fc,5,0,5,2,37,38,15,95
fc,5,0,5,2,39,39,16,98
fc,5,0,5,2,40,41,17,99
fc,5,0,5,2,42,42,18,100
fc,5,0,5,2,43,44,19,100
fc,5,0,5,2,45,inf,20,100

eh,5,3,5,5,0,52,1,0
eh,5,3,5,5,53,64,2,0
eh,5,3,5,5,65,75,3,1
eh,5,3,5,5,76,86,4,2
eh,5,3,5,5,87,96,5,5
eh,5,3,5,5,97,105,6,9
eh,5,3,5,5,106,116,7,16
eh,5,3,5,5,117,126,8,25
eh,5,3,5,5,127,136,9,37
eh,5,3,5,5,137,146,10,50
eh,5,3,5,5,147,155,11,63
eh,5,3,5,5,156,163,12,75
eh,5,3,5,5,164,170,13,84
eh,5,3,5,5,171,176,14,91
eh,5,3,5,5,177,181,15,95
eh,5,3,5,5,182,188,16,98
eh,5,3,5,5,189,189,17,99
eh,5,3,5,5,190,190,18,100
eh,5,3,5,5,191,191,19,100
eh,5,3,5,5,192,inf,20,100

co,5,3,5,5,0,2,1,0
co,5,3,5,5,3,3,2,0
co,5,3,5,5,4,4,3,1
co,5,3,5,5,5,5,4,2
co,5,3,5,5,6,7,5,5
co,5,3,5,5,8,8,6,9
co,5,3,5,5,9,10,7,16
co,5,3,5,5,11,12,8,25
co,5,3,5,5,13,13,9,37
co,5,3,5,5,14,15,10,50
co,5,3,5,5,16,17,11,63
co,5,3,5,5,18,19,12,75
co,5,3,5,5,20,21,13,84
co,5,3,5,5,22,22,14,91
co,5,3,5,5,23,24,15,95
co,5,3,5,5,25,26,16,98
co,5,3,5,5,27,28,17,99
co,5,3,5,5,29,29,18,100
co,5,3,5,5,30,31,19,100
co,5,3,5,5,32,inf,20,100

fg,5,3,5,5,0,2,1,0
fg,5,3,5,5,3,6,2,0
fg,5,3,5,5,7,11,3,1
fg,5,3,5,5,12,15,4,2
fg,5,3,5,5,16,19,5,5
fg,5,3,5,5,20,23,6,9
fg,5,3,5,5,24,27,7,16
fg,5,3,5,5,28,31,8,25
fg,5,3,5,5,32,35,9,37
fg,5,3,5,5,36,39,10,50
fg,5,3,5,5,40,42,11,63
fg,5,3,5,5,43,46,12,75
fg,5,3,5,5,47,49,13,84
fg,5,3,5,5,50,53,14,91
fg,5,3,5,5,54,56,15,95
fg,5,3,5,5,57,59,16,98
fg,5,3,5,5,60,62,17,99
fg,5,3,5,5,63,65,18,100
fg,5,3,5,5,66,67,19,100
fg,5,3,5,5,68,inf,20,100

vc,5,3,5,5,0,1,2,0
vc,5,3,5,5,2,2,3,1
vc,5,3,5,5,3,3,4,2
vc,5,3,5,5,4,4,5,5
vc,5,3,5,5,5,5,6,9
vc,5,3,5,5,6,6,7,16
vc,5,3,5,5,7,7,8,25
vc,5,3,5,5,8,8,9,37
vc,5,3,5,5,9,9,10,50
vc,5,3,5,5,10,10,11,63
vc,5,3,5,5,11,11,12,75
vc,5,3,5,5,12,12,13,84
vc,5,3,5,5,13,13,14,91
vc,5,3,5,5,14,14,15,95
vc,5,3,5,5,15,15,16,98
vc,5,3,5,5,16,16,17,99
vc,5,3,5,5,17,17,18,100
vc,5,3,5,5,18,19,19,100
vc,5,3,5,5,20,inf,20,100

fc,5,3,5,5,0,11,1,0
fc,5,3,5,5,12,14,2,0
fc,5,3,5,5,15,16,3,1
fc,5,3,5,5,17,18,4,2
fc,5,3,5,5,19,20,5,5
fc,5,3,5,5,21,23,6,9
fc,5,3,5,5,24,25,7,16
fc,5,3,5,5,26,27,8,25
fc,5,3,5,5,28,28,9,37
fc,5,3,5,5,29,30,10,50
fc,5,3,5,5,31,32,11,63
fc,5,3,5,5,33,34,12,75
fc,5,3,5,5,35,36,13,84
fc,5,3,5,5,37,37,14,91
fc,5,3,5,5,38,39,15,95
fc,5,3,5,5,40,41,16,98
fc,5,3,5,5,42,42,17,99
fc,5,3,5,5,43,44,18,100
fc,5,3,5,5,45,45,19,100
fc,5,3,5,5,46,inf,20,100

eh,5,6,5,8,0,61,1,0
eh,5,6,5,8,62,72,2,0
eh,5,6,5,8,73,84,3,1
eh,5,6,5,8,85,94,4,2
eh,5,6,5,8,95,104,5,5
eh,5,6,5,8,105,113,6,9
eh,5,6,5,8,114,123,7,16
eh,5,6,5,8,124,134,8,25
eh,5,6,5,8,135,144,9,37
eh,5,6,5,8,145,153,10,50
eh,5,6,5,8,154,161,11,63
eh,5,6,5,8,162,169,12,75
eh,5,6,5,8,170,176,13,84
eh,5,6,5,8,177,181,14,91
eh,5,6,5,8,182,188,15,95
eh,5,6,5,8,189,189,16,98
eh,5,6,5,8,190,190,17,99
eh,5,6,5,8,191,191,18,100
eh,5,6,5,8,192,inf,19,100

co,5,6,5,8,0,3,1,0
co,5,6,5,8,4,4,2,0
co,5,6,5,8,5,5,3,1
co,5,6,5,8,6,7,4,2
co,5,6,5,8,8,8,5,5
co,5,6,5,8,9,10,6,9
co,5,6,5,8,11,11,7,16
co,5,6,5,8,12,13,8,25
co,5,6,5,8,14,15,9,37
co,5,6,5,8,16,17,10,50
co,5,6,5,8,18,19,11,63
co,5,6,5,8,20,21,12,75
co,5,6,5,8,22,22,13,84
co,5,6,5,8,23,24,14,91
co,5,6,5,8,25,26,15,95
co,5,6,5,8,27,28,16,98
co,5,6,5,8,29,29,17,99
co,5,6,5,8,30,31,18,100
co,5,6,5,8,32,32,19,100
co,5,6,5,8,33,inf,20,100

fg,5,6,5,8,0,2,1,0
fg,5,6,5,8,3,7,2,0
fg,5,6,5,8,8,11,3,1
fg,5,6,5,8,12,16,4,2
fg,5,6,5,8,17,20,5,5
fg,5,6,5,8,21,24,6,9
fg,5,6,5,8,25,29,7,16
fg,5,6,5,8,30,33,8,25
fg,5,6,5,8,34,37,9,37
fg,5,6,5,8,38,39,10,50
fg,5,6,5,8,40,44,11,63
fg,5,6,5,8,45,48,12,75
fg,5,6,5,8,49,51,13,84
fg,5,6,5,8,52,54,14,91
fg,5,6,5,8,55,58,15,95
fg,5,6,5,8,59,60,16,98
fg,5,6,5,8,61,63,17,99
fg,5,6,5,8,64,65,18,100
fg,5,6,5,8,66,67,19,100
fg,5,6,5,8,68,inf,20,100

vc,5,6,5,8,0,1,2,0
vc,5,6,5,8,2,2,3,1
vc,5,6,5,8,3,3,4,2
vc,5,6,5,8,4,4,5,5
vc,5,6,5,8,5,5,6,9
vc,5,6,5,8,6,6,7,16
vc,5,6,5,8,7,7,8,25
vc,5,6,5,8,8,8,9,37
vc,5,6,5,8,9,9,10,50
vc,5,6,5,8,10,11,11,63
vc,5,6,5,8,12,12,12,75
vc,5,6,5,8,13,13,13,84
vc,5,6,5,8,14,14,14,91
vc,5,6,5,8,15,15,15,95
vc,5,6,5,8,16,16,16,98
vc,5,6,5,8,17,17,17,99
vc,5,6,5,8,18,18,18,100
vc,5,6,5,8,19,19,19,100
vc,5,6,5,8,20,inf,20,100

fc,5,6,5,8,0,12,1,0
fc,5,6,5,8,13,14,2,0
fc,5,6,5,8,15,17,3,1
fc,5,6,5,8,18,19,4,2
fc,5,6,5,8,20,21,5,5
fc,5,6,5,8,22,23,6,9
fc,5,6,5,8,24,25,7,16
fc,5,6,5,8,26,27,8,25
fc,5,6,5,8,28,29,9,37
fc,5,6,5,8,30,31,10,50
fc,5,6,5,8,32,33,11,63
fc,5,6,5,8,34,35,12,75
fc,5,6,5,8,36,37,13,84
fc,5,6,5,8,38,38,14,91
fc,5,6,5,8,39,40,15,95
fc,5,6,5,8,41,42,16,98
fc,5,6,5,8,43,44,17,99
fc,5,6,5,8,45,45,18,100
fc,5,6,5,8,46,47,19,100
fc,5,6,5,8,48,inf,20,100

eh,5,9,5,11,0,67,1,0
eh,5,9,5,11,68,80,2,0
eh,5,9,5,11,81,91,3,1
eh,5,9,5,11,92,102,4,2
eh,5,9,5,11,103,111,5,5
eh,5,9,5,11,112,121,6,9
eh,5,9,5,11,122,130,7,16
eh,5,9,5,11,131,140,8,25
eh,5,9,5,11,141,150,9,37
eh,5,9,5,11,151,159,10,50
eh,5,9,5,11,160,167,11,63
eh,5,9,5,11,168,175,12,75
eh,5,9,5,11,176,181,13,84
eh,5,9,5,11,182,187,14,91
eh,5,9,5,11,188,188,15,95
eh,5,9,5,11,189,189,16,98
eh,5,9,5,11,190,190,17,99
eh,5,9,5,11,191,191,18,100
eh,5,9,5,11,192,inf,19,100

co,5,9,5,11,0,4,1,0
co,5,9,5,11,5,5,2,0
co,5,9,5,11,6,6,3,1
co,5,9,5,11,7,8,4,2
co,5,9,5,11,9,9,5,5
co,5,9,5,11,10,11,6,9
co,5,9,5,11,12,13,7,16
co,5,9,5,11,14,15,8,25
co,5,9,5,11,16,16,9,37
co,5,9,5,11,17,18,10,50
co,5,9,5,11,19,20,11,63
co,5,9,5,11,21,22,12,75
co,5,9,5,11,23,24,13,84
co,5,9,5,11,25,26,14,91
co,5,9,5,11,27,28,15,95
co,5,9,5,11,29,29,16,98
co,5,9,5,11,30,31,17,99
co,5,9,5,11,32,32,18,100
co,5,9,5,11,33,33,19,100
co,5,9,5,11,34,inf,20,100

fg,5,9,5,11,0,3,1,0
fg,5,9,5,11,4,8,2,0
fg,5,9,5,11,9,12,3,1
fg,5,9,5,11,13,17,4,2
fg,5,9,5,11,18,21,5,5
fg,5,9,5,11,22,26,6,9
fg,5,9,5,11,27,30,7,16
fg,5,9,5,11,31,34,8,25
fg,5,9,5,11,35,38,9,37
fg,5,9,5,11,39,42,10,50
fg,5,9,5,11,43,46,11,63
fg,5,9,5,11,47,49,12,75
fg,5,9,5,11,50,53,13,84
fg,5,9,5,11,54,56,14,91
fg,5,9,5,11,57,59,15,95
fg,5,9,5,11,60,61,16,98
fg,5,9,5,11,62,63,17,99
fg,5,9,5,11,64,65,18,100
fg,5,9,5,11,66,67,19,100
fg,5,9,5,11,68,inf,20,100

vc,5,9,5,11,0,1,2,0
vc,5,9,5,11,2,2,3,1
vc,5,9,5,11,3,3,4,2
vc,5,9,5,11,4,4,5,5
vc,5,9,5,11,5,5,6,9
vc,5,9,5,11,6,7,7,16
vc,5,9,5,11,8,8,8,25
vc,5,9,5,11,9,9,9,37
vc,5,9,5,11,10,10,10,50
vc,5,9,5,11,11,11,11,63
vc,5,9,5,11,12,12,12,75
vc,5,9,5,11,13,14,13,84
vc,5,9,5,11,15,15,14,91
vc,5,9,5,11,16,16,15,95
vc,5,9,5,11,17,17,16,98
vc,5,9,5,11,18,18,17,99
vc,5,9,5,11,19,19,18,100
vc,5,9,5,11,20,20,19,100
vc,5,9,5,11,21,inf,20,100

fc,5,9,5,11,0,13,1,0
fc,5,9,5,11,14,15,2,0
fc,5,9,5,11,16,17,3,1
fc,5,9,5,11,18,19,4,2
fc,5,9,5,11,20,21,5,5
fc,5,9,5,11,22,23,6,9
fc,5,9,5,11,24,25,7,16
fc,5,9,5,11,26,28,8,25
fc,5,9,5,11,29,30,9,37
fc,5,9,5,11,31,32,10,50
fc,5,9,5,11,33,34,11,63
fc,5,9,5,11,35,36,12,75
fc,5,9,5,11,37,38,13,84
fc,5,9,5,11,39,39,14,91
fc,5,9,5,11,40,41,15,95
fc,5,9,5,11,42,43,16,98
fc,5,9,5,11,44,45,17,99
fc,5,9,5,11,46,47,18,100
fc,5,9,5,11,48,48,19,100
fc,5,9,5,11,49,inf,20,100

eh,6,0,6,3,0,75,1,0
eh,6,0,6,3,76,87,2,0
eh,6,0,6,3,88,99,3,1
eh,6,0,6,3,100,109,4,2
eh,6,0,6,3,110,119,5,5
eh,6,0,6,3,120,128,6,9
eh,6,0,6,3,129,137,7,16
eh,6,0,6,3,138,146,8,25
eh,6,0,6,3,147,156,9,37
eh,6,0,6,3,157,164,10,50
eh,6,0,6,3,165,171,11,63
eh,6,0,6,3,172,178,12,75
eh,6,0,6,3,179,184,13,84
eh,6,0,6,3,185,188,14,91
eh,6,0,6,3,189,189,15,95
eh,6,0,6,3,190,190,16,98
eh,6,0,6,3,191,191,17,99
eh,6,0,6,3,192,inf,18,100

co,6,0,6,3,0,5,1,0
co,6,0,6,3,6,6,2,0
co,6,0,6,3,7,8,3,1
co,6,0,6,3,9,9,4,2
co,6,0,6,3,10,11,5,5
co,6,0,6,3,12,12,6,9
co,6,0,6,3,13,14,7,16
co,6,0,6,3,15,16,8,25
co,6,0,6,3,17,18,9,37
co,6,0,6,3,19,20,10,50
co,6,0,6,3,21,22,11,63
co,6,0,6,3,23,24,12,75
co,6,0,6,3,25,25,13,84
co,6,0,6,3,26,27,14,91
co,6,0,6,3,28,29,15,95
co,6,0,6,3,30,31,16,98
co,6,0,6,3,32,32,17,99
co,6,0,6,3,33,33,18,100
co,6,0,6,3,34,35,19,100
co,6,0,6,3,36,inf,20,100

fg,6,0,6,3,0,3,1,0
fg,6,0,6,3,4,8,2,0
fg,6,0,6,3,9,14,3,1
fg,6,0,6,3,15,18,4,2
fg,6,0,6,3,19,23,5,5
fg,6,0,6,3,24,27,6,9
fg,6,0,6,3,28,32,7,16
fg,6,0,6,3,33,36,8,25
fg,6,0,6,3,37,40,9,37
fg,6,0,6,3,41,44,10,50
fg,6,0,6,3,45,47,11,63
fg,6,0,6,3,48,51,12,75
fg,6,0,6,3,52,54,13,84
fg,6,0,6,3,55,57,14,91
fg,6,0,6,3,58,60,15,95
fg,6,0,6,3,61,62,16,98
fg,6,0,6,3,63,64,17,99
fg,6,0,6,3,65,65,18,100
fg,6,0,6,3,66,67,19,100
fg,6,0,6,3,68,inf,20,100

vc,6,0,6,3,0,1,1,0
vc,6,0,6,3,2,2,2,0
vc,6,0,6,3,3,3,3,1
vc,6,0,6,3,4,4,4,2
vc,6,0,6,3,5,5,5,5
vc,6,0,6,3,6,6,6,9
vc,6,0,6,3,7,7,7,16
vc,6,0,6,3,8,8,8,25
vc,6,0,6,3,9,10,9,37
vc,6,0,6,3,11,11,10,50
vc,6,0,6,3,12,12,11,63
vc,6,0,6,3,13,13,12,75
vc,6,0,6,3,14,14,13,84
vc,6,0,6,3,15,16,14,91
vc,6,0,6,3,17,17,15,95
vc,6,0,6,3,18,18,16,98
vc,6,0,6,3,19,19,17,99
vc,6,0,6,3,20,20,18,100
vc,6,0,6,3,21,21,19,100
vc,6,0,6,3,22,inf,20,100

fc,6,0,6,3,0,13,1,0
fc,6,0,6,3,14,15,2,0
fc,6,0,6,3,16,17,3,1
fc,6,0,6,3,18,19,4,2
fc,6,0,6,3,20,21,5,5
fc,6,0,6,3,22,24,6,9
fc,6,0,6,3,25,26,7,16
fc,6,0,6,3,27,28,8,25
fc,6,0,6,3,29,30,9,37
fc,6,0,6,3,31,32,10,50
fc,6,0,6,3,33,34,11,63
fc,6,0,6,3,35,36,12,75
fc,6,0,6,3,37,38,13,84
fc,6,0,6,3,39,40,14,91
fc,6,0,6,3,41,42,15,95
fc,6,0,6,3,43,44,16,98
fc,6,0,6,3,45,46,17,99
fc,6,0,6,3,47,48,18,100
fc,6,0,6,3,49,50,19,100
fc,6,0,6,3,51,inf,20,100

eh,6,4,6,7,0,83,1,0
eh,6,4,6,7,84,94,2,0
eh,6,4,6,7,95,107,3,1
eh,6,4,6,7,108,117,4,2
eh,6,4,6,7,118,126,5,5
eh,6,4,6,7,127,134,6,9
eh,6,4,6,7,135,143,7,16
eh,6,4,6,7,144,152,8,25
eh,6,4,6,7,153,160,9,37
eh,6,4,6,7,161,167,10,50
eh,6,4,6,7,168,173,11,63
eh,6,4,6,7,174,179,12,75
eh,6,4,6,7,180,184,13,84
eh,6,4,6,7,185,188,14,91
eh,6,4,6,7,189,189,15,95
eh,6,4,6,7,190,190,16,98
eh,6,4,6,7,191,191,17,99
eh,6,4,6,7,192,inf,18,100

co,6,4,6,7,0,6,1,0
co,6,4,6,7,7,7,2,0
co,6,4,6,7,8,9,3,1
co,6,4,6,7,10,11,4,2
co,6,4,6,7,12,12,5,5
co,6,4,6,7,13,14,6,9
co,6,4,6,7,15,16,7,16
co,6,4,6,7,17,18,8,25
co,6,4,6,7,19,20,9,37
co,6,4,6,7,21,21,10,50
co,6,4,6,7,22,23,11,63
co,6,4,6,7,24,25,12,75
co,6,4,6,7,26,27,13,84
co,6,4,6,7,28,29,14,91
co,6,4,6,7,30,30,15,95
co,6,4,6,7,31,32,16,98
co,6,4,6,7,33,33,17,99
co,6,4,6,7,34,35,18,100
co,6,4,6,7,36,36,19,100
co,6,4,6,7,37,inf,20,100

fg,6,4,6,7,0,4,1,0
fg,6,4,6,7,5,9,2,0
fg,6,4,6,7,10,15,3,1
fg,6,4,6,7,16,20,4,2
fg,6,4,6,7,21,24,5,5
fg,6,4,6,7,25,29,6,9
fg,6,4,6,7,30,33,7,16
fg,6,4,6,7,34,37,8,25
fg,6,4,6,7,38,41,9,37
fg,6,4,6,7,42,45,10,50
fg,6,4,6,7,46,49,11,63
fg,6,4,6,7,50,52,12,75
fg,6,4,6,7,53,55,13,84
fg,6,4,6,7,56,58,14,91
fg,6,4,6,7,59,60,15,95
fg,6,4,6,7,61,62,16,98
fg,6,4,6,7,63,64,17,99
fg,6,4,6,7,65,65,18,100
fg,6,4,6,7,66,67,19,100
fg,6,4,6,7,68,inf,20,100

vc,6,4,6,7,0,1,1,0
vc,6,4,6,7,2,2,2,0
vc,6,4,6,7,3,3,3,1
vc,6,4,6,7,4,4,4,2
vc,6,4,6,7,5,5,5,5
vc,6,4,6,7,6,7,6,9
vc,6,4,6,7,8,8,7,16
vc,6,4,6,7,9,9,8,25
vc,6,4,6,7,10,10,9,37
vc,6,4,6,7,11,12,10,50
vc,6,4,6,7,13,13,11,63
vc,6,4,6,7,14,14,12,75
vc,6,4,6,7,15,15,13,84
vc,6,4,6,7,16,16,14,91
vc,6,4,6,7,17,18,15,95
vc,6,4,6,7,19,19,16,98
vc,6,4,6,7,20,20,17,99
vc,6,4,6,7,21,21,18,100
vc,6,4,6,7,22,22,19,100
vc,6,4,6,7,23,inf,20,100

fc,6,4,6,7,0,13,1,0
fc,6,4,6,7,14,15,2,0
fc,6,4,6,7,16,17,3,1
fc,6,4,6,7,18,19,4,2
fc,6,4,6,7,20,22,5,5
fc,6,4,6,7,23,24,6,9
fc,6,4,6,7,25,26,7,16
fc,6,4,6,7,27,28,8,25
fc,6,4,6,7,29,30,9,37
fc,6,4,6,7,31,33,10,50
fc,6,4,6,7,34,35,11,63
fc,6,4,6,7,36,37,12,75
fc,6,4,6,7,38,39,13,84
fc,6,4,6,7,40,41,14,91
fc,6,4,6,7,42,43,15,95
fc,6,4,6,7,44,45,16,98
fc,6,4,6,7,46,47,17,99
fc,6,4,6,7,48,49,18,100
fc,6,4,6,7,50,inf,19,100

eh,6,8,6,11,0,94,1,0
eh,6,8,6,11,95,103,2,0
eh,6,8,6,11,104,113,3,1
eh,6,8,6,11,114,124,4,2
eh,6,8,6,11,125,133,5,5
eh,6,8,6,11,134,141,6,9
eh,6,8,6,11,142,149,7,16
eh,6,8,6,11,150,155,8,25
eh,6,8,6,11,156,162,9,37
eh,6,8,6,11,163,168,10,50
eh,6,8,6,11,169,173,11,63
eh,6,8,6,11,174,180,12,75
eh,6,8,6,11,181,185,13,84
eh,6,8,6,11,186,189,14,91
eh,6,8,6,11,190,190,15,95
eh,6,8,6,11,191,191,16,98
eh,6,8,6,11,192,inf,17,99

co,6,8,6,11,0,7,1,0
co,6,8,6,11,8,8,2,0
co,6,8,6,11,9,10,3,1
co,6,8,6,11,11,12,4,2
co,6,8,6,11,13,14,5,5
co,6,8,6,11,15,15,6,9
co,6,8,6,11,16,17,7,16
co,6,8,6,11,18,19,8,25
co,6,8,6,11,20,21,9,37
co,6,8,6,11,22,23,10,50
co,6,8,6,11,24,25,11,63
co,6,8,6,11,26,27,12,75
co,6,8,6,11,28,28,13,84
co,6,8,6,11,29,30,14,91
co,6,8,6,11,31,32,15,95
co,6,8,6,11,33,33,16,98
co,6,8,6,11,34,35,17,99
co,6,8,6,11,36,36,18,100
co,6,8,6,11,37,38,19,100
co,6,8,6,11,39,inf,20,100

fg,6,8,6,11,0,5,1,0
fg,6,8,6,11,6,11,2,0
fg,6,8,6,11,12,16,3,1
fg,6,8,6,11,17,21,4,2
fg,6,8,6,11,22,26,5,5
fg,6,8,6,11,27,30,6,9
fg,6,8,6,11,31,35,7,16
fg,6,8,6,11,36,39,8,25
fg,6,8,6,11,40,43,9,37
fg,6,8,6,11,44,46,10,50
fg,6,8,6,11,47,50,11,63
fg,6,8,6,11,51,53,12,75
fg,6,8,6,11,54,56,13,84
fg,6,8,6,11,57,59,14,91
fg,6,8,6,11,60,61,15,95
fg,6,8,6,11,62,63,16,98
fg,6,8,6,11,64,64,17,99
fg,6,8,6,11,65,65,18,100
fg,6,8,6,11,66,67,19,100
fg,6,8,6,11,68,inf,20,100

vc,6,8,6,11,0,2,1,0
vc,6,8,6,11,3,3,2,0
vc,6,8,6,11,4,4,3,1
vc,6,8,6,11,5,5,4,2
vc,6,8,6,11,6,6,5,5
vc,6,8,6,11,7,7,6,9
vc,6,8,6,11,8,8,7,16
vc,6,8,6,11,9,10,8,25
vc,6,8,6,11,11,11,9,37
vc,6,8,6,11,12,12,10,50
vc,6,8,6,11,13,14,11,63
vc,6,8,6,11,15,15,12,75
vc,6,8,6,11,16,16,13,84
vc,6,8,6,11,17,17,14,91
vc,6,8,6,11,18,18,15,95
vc,6,8,6,11,19,19,16,98
vc,6,8,6,11,20,20,17,99
vc,6,8,6,11,21,21,18,100
vc,6,8,6,11,22,22,19,100
vc,6,8,6,11,23,inf,20,100

fc,6,8,6,11,0,13,1,0
fc,6,8,6,11,14,15,2,0
fc,6,8,6,11,16,17,3,1
fc,6,8,6,11,18,19,4,2
fc,6,8,6,11,20,22,5,5
fc,6,8,6,11,23,24,6,9
fc,6,8,6,11,25,26,7,16
fc,6,8,6,11,27,29,8,25
fc,6,8,6,11,30,31,9,37
fc,6,8,6,11,32,33,10,50
fc,6,8,6,11,34,36,11,63
fc,6,8,6,11,37,38,12,75
fc,6,8,6,11,39,40,13,84
fc,6,8,6,11,41,42,14,91
fc,6,8,6,11,43,44,15,95
fc,6,8,6,11,45,46,16,98
fc,6,8,6,11,47,48,17,99
fc,6,8,6,11,49,50,18,100
fc,6,8,6,11,51,inf,19,100

eh,7,0,7,5,0,103,1,0
eh,7,0,7,5,104,113,2,0
eh,7,0,7,5,114,122,3,1
eh,7,0,7,5,123,128,4,2
eh,7,0,7,5,129,134,5,5
eh,7,0,7,5,135,144,6,9
eh,7,0,7,5,145,150,7,16
eh,7,0,7,5,151,156,8,25
eh,7,0,7,5,157,164,9,37
eh,7,0,7,5,165,170,10,50
eh,7,0,7,5,171,175,11,63
eh,7,0,7,5,176,181,12,75
eh,7,0,7,5,182,186,13,84
eh,7,0,7,5,187,189,14,91
eh,7,0,7,5,190,190,15,95
eh,7,0,7,5,191,191,16,98
eh,7,0,7,5,192,inf,17,99

co,7,0,7,5,0,7,1,0
co,7,0,7,5,8,9,2,0
co,7,0,7,5,10,11,3,1
co,7,0,7,5,12,13,4,2
co,7,0,7,5,14,15,5,5
co,7,0,7,5,16,17,6,9
co,7,0,7,5,18,19,7,16
co,7,0,7,5,20,21,8,25
co,7,0,7,5,22,23,9,37
co,7,0,7,5,24,24,10,50
co,7,0,7,5,25,26,11,63
co,7,0,7,5,27,28,12,75
co,7,0,7,5,29,30,13,84
co,7,0,7,5,31,31,14,91
co,7,0,7,5,32,33,15,95
co,7,0,7,5,34,34,16,98
co,7,0,7,5,35,36,17,99
co,7,0,7,5,37,38,18,100
co,7,0,7,5,39,39,19,100
co,7,0,7,5,40,inf,20,100

fg,7,0,7,5,0,7,1,0
fg,7,0,7,5,8,12,2,0
fg,7,0,7,5,13,17,3,1
fg,7,0,7,5,18,23,4,2
fg,7,0,7,5,24,28,5,5
fg,7,0,7,5,29,32,6,9
fg,7,0,7,5,33,36,7,16
fg,7,0,7,5,37,40,8,25
fg,7,0,7,5,41,44,9,37
fg,7,0,7,5,45,48,10,50
fg,7,0,7,5,49,51,11,63
fg,7,0,7,5,52,54,12,75
fg,7,0,7,5,55,57,13,84
fg,7,0,7,5,58,59,14,91
fg,7,0,7,5,60,61,15,95
fg,7,0,7,5,62,63,16,98
fg,7,0,7,5,64,64,17,99
fg,7,0,7,5,65,65,18,100
fg,7,0,7,5,66,67,19,100
fg,7,0,7,5,68,inf,20,100

vc,7,0,7,5,0,2,1,0
vc,7,0,7,5,3,3,2,0
vc,7,0,7,5,4,4,3,1
vc,7,0,7,5,5,5,4,2
vc,7,0,7,5,6,7,5,5
vc,7,0,7,5,8,8,6,9
vc,7,0,7,5,9,9,7,16
vc,7,0,7,5,10,10,8,25
vc,7,0,7,5,11,12,9,37
vc,7,0,7,5,13,13,10,50
vc,7,0,7,5,14,14,11,63
vc,7,0,7,5,15,16,12,75
vc,7,0,7,5,17,17,13,84
vc,7,0,7,5,18,18,14,91
vc,7,0,7,5,19,19,15,95
vc,7,0,7,5,20,21,16,98
vc,7,0,7,5,22,22,17,99
vc,7,0,7,5,23,23,18,100
vc,7,0,7,5,24,24,19,100
vc,7,0,7,5,25,inf,20,100

fc,7,0,7,5,0,13,1,0
fc,7,0,7,5,14,15,2,0
fc,7,0,7,5,16,17,3,1
fc,7,0,7,5,18,20,4,2
fc,7,0,7,5,21,22,5,5
fc,7,0,7,5,23,24,6,9
fc,7,0,7,5,25,27,7,16
fc,7,0,7,5,28,29,8,25
fc,7,0,7,5,30,32,9,37
fc,7,0,7,5,33,34,10,50
fc,7,0,7,5,35,36,11,63
fc,7,0,7,5,37,39,12,75
fc,7,0,7,5,40,41,13,84
fc,7,0,7,5,42,43,14,91
fc,7,0,7,5,44,45,15,95
fc,7,0,7,5,46,47,16,98
fc,7,0,7,5,48,49,17,99
fc,7,0,7,5,50,inf,18,100

eh,7,6,7,11,0,113,1,0
eh,7,6,7,11,114,120,2,0
eh,7,6,7,11,121,126,3,1
eh,7,6,7,11,127,134,4,2
eh,7,6,7,11,135,143,5,5
eh,7,6,7,11,144,149,6,9
eh,7,6,7,11,150,155,7,16
eh,7,6,7,11,156,161,8,25
eh,7,6,7,11,162,167,9,37
eh,7,6,7,11,168,173,10,50
eh,7,6,7,11,174,179,11,63
eh,7,6,7,11,180,185,12,75
eh,7,6,7,11,186,187,13,84
eh,7,6,7,11,188,189,14,91
eh,7,6,7,11,190,190,15,95
eh,7,6,7,11,191,191,16,98
eh,7,6,7,11,192,inf,17,99

co,7,6,7,11,0,8,1,0
co,7,6,7,11,9,10,2,0
co,7,6,7,11,11,13,3,1
co,7,6,7,11,14,15,4,2
co,7,6,7,11,16,17,5,5
co,7,6,7,11,18,19,6,9
co,7,6,7,11,20,20,7,16
co,7,6,7,11,21,22,8,25
co,7,6,7,11,23,24,9,37
co,7,6,7,11,25,26,10,50
co,7,6,7,11,27,28,11,63
co,7,6,7,11,29,29,12,75
co,7,6,7,11,30,31,13,84
co,7,6,7,11,32,33,14,91
co,7,6,7,11,34,34,15,95
co,7,6,7,11,35,36,16,98
co,7,6,7,11,37,38,17,99
co,7,6,7,11,39,39,18,100
co,7,6,7,11,40,40,19,100
co,7,6,7,11,41,inf,20,100

fg,7,6,7,11,0,8,1,0
fg,7,6,7,11,9,13,2,0
fg,7,6,7,11,14,18,3,1
fg,7,6,7,11,19,24,4,2
fg,7,6,7,11,25,29,5,5
fg,7,6,7,11,30,34,6,9
fg,7,6,7,11,35,38,7,16
fg,7,6,7,11,39,42,8,25
fg,7,6,7,11,43,45,9,37
fg,7,6,7,11,46,49,10,50
fg,7,6,7,11,50,52,11,63
fg,7,6,7,11,53,55,12,75
fg,7,6,7,11,56,57,13,84
fg,7,6,7,11,58,60,14,91
fg,7,6,7,11,61,62,15,95
fg,7,6,7,11,63,63,16,98
fg,7,6,7,11,64,65,17,99
fg,7,6,7,11,66,66,18,100
fg,7,6,7,11,67,67,19,100
fg,7,6,7,11,68,inf,20,100

vc,7,6,7,11,0,3,1,0
vc,7,6,7,11,4,4,2,0
vc,7,6,7,11,5,5,3,1
vc,7,6,7,11,6,6,4,2
vc,7,6,7,11,7,7,5,5
vc,7,6,7,11,8,9,6,9
vc,7,6,7,11,10,10,7,16
vc,7,6,7,11,11,11,8,25
vc,7,6,7,11,12,13,9,37
vc,7,6,7,11,14,14,10,50
vc,7,6,7,11,15,15,11,63
vc,7,6,7,11,16,16,12,75
vc,7,6,7,11,17,18,13,84
vc,7,6,7,11,19,19,14,91
vc,7,6,7,11,20,20,15,95
vc,7,6,7,11,21,21,16,98
vc,7,6,7,11,22,23,17,99
vc,7,6,7,11,24,24,18,100
vc,7,6,7,11,25,25,19,100
vc,7,6,7,11,26,inf,20,100

fc,7,6,7,11,0,13,1,0
fc,7,6,7,11,14,15,2,0
fc,7,6,7,11,16,17,3,1
fc,7,6,7,11,18,20,4,2
fc,7,6,7,11,21,22,5,5
fc,7,6,7,11,23,25,6,9
fc,7,6,7,11,26,27,7,16
fc,7,6,7,11,28,30,8,25
fc,7,6,7,11,31,32,9,37
fc,7,6,7,11,33,35,10,50
fc,7,6,7,11,36,37,11,63
fc,7,6,7,11,38,40,12,75
fc,7,6,7,11,41,42,13,84
fc,7,6,7,11,43,44,14,91
fc,7,6,7,11,45,46,15,95
fc,7,6,7,11,47,48,16,98
fc,7,6,7,11,49,50,17,99
fc,7,6,7,11,51,inf,18,100

eh,8,0,8,11,0,120,1,0
eh,8,0,8,11,121,126,2,0
eh,8,0,8,11,127,134,3,1
eh,8,0,8,11,135,143,4,2
eh,8,0,8,11,144,149,5,5
eh,8,0,8,11,150,155,6,9
eh,8,0,8,11,156,161,7,16
eh,8,0,8,11,162,167,8,25
eh,8,0,8,11,168,172,9,37
eh,8,0,8,11,173,178,10,50
eh,8,0,8,11,179,183,11,63
eh,8,0,8,11,184,188,12,75
eh,8,0,8,11,189,189,13,84
eh,8,0,8,11,190,190,14,91
eh,8,0,8,11,191,191,15,95
eh,8,0,8,11,192,inf,16,98

co,8,0,8,11,0,9,1,0
co,8,0,8,11,10,11,2,0
co,8,0,8,11,12,14,3,1
co,8,0,8,11,15,16,4,2
co,8,0,8,11,17,18,5,5
co,8,0,8,11,19,20,6,9
co,8,0,8,11,21,22,7,16
co,8,0,8,11,23,24,8,25
co,8,0,8,11,25,26,9,37
co,8,0,8,11,27,28,10,50
co,8,0,8,11,29,29,11,63
co,8,0,8,11,30,31,12,75
co,8,0,8,11,32,33,13,84
co,8,0,8,11,34,34,14,91
co,8,0,8,11,35,36,15,95
co,8,0,8,11,37,38,16,98
co,8,0,8,11,39,39,17,99
co,8,0,8,11,40,40,18,100
co,8,0,8,11,41,41,19,100
co,8,0,8,11,42,inf,20,100

fg,8,0,8,11,0,10,1,0
fg,8,0,8,11,11,14,2,0
fg,8,0,8,11,15,20,3,1
fg,8,0,8,11,21,26,4,2
fg,8,0,8,11,27,31,5,5
fg,8,0,8,11,32,36,6,9
fg,8,0,8,11,37,40,7,16
fg,8,0,8,11,41,43,8,25
fg,8,0,8,11,44,47,9,37
fg,8,0,8,11,48,50,10,50
fg,8,0,8,11,51,53,11,63
fg,8,0,8,11,54,56,12,75
fg,8,0,8,11,57,58,13,84
fg,8,0,8,11,59,60,14,91
fg,8,0,8,11,61,62,15,95
fg,8,0,8,11,63,63,16,98
fg,8,0,8,11,64,65,17,99
fg,8,0,8,11,66,66,18,100
fg,8,0,8,11,67,67,19,100
fg,8,0,8,11,68,inf,20,100

vc,8,0,8,11,0,3,1,0
vc,8,0,8,11,4,4,2,0
vc,8,0,8,11,5,6,3,1
vc,8,0,8,11,7,7,4,2
vc,8,0,8,11,8,8,5,5
vc,8,0,8,11,9,9,6,9
vc,8,0,8,11,10,11,7,16
vc,8,0,8,11,12,12,8,25
vc,8,0,8,11,13,13,9,37
vc,8,0,8,11,14,15,10,50
vc,8,0,8,11,16,16,11,63
vc,8,0,8,11,17,17,12,75
vc,8,0,8,11,18,19,13,84
vc,8,0,8,11,20,20,14,91
vc,8,0,8,11,21,21,15,95
vc,8,0,8,11,22,22,16,98
vc,8,0,8,11,23,23,17,99
vc,8,0,8,11,24,25,18,100
vc,8,0,8,11,26,inf,19,100

fc,8,0,8,11,0,13,1,0
fc,8,0,8,11,14,15,2,0
fc,8,0,8,11,16,17,3,1
fc,8,0,8,11,18,20,4,2
fc,8,0,8,11,21,23,5,5
fc,8,0,8,11,24,25,6,9
fc,8,0,8,11,26,28,7,16
fc,8,0,8,11,29,31,8,25
fc,8,0,8,11,32,33,9,37
fc,8,0,8,11,34,36,10,50
fc,8,0,8,11,37,38,11,63
fc,8,0,8,11,39,41,12,75
fc,8,0,8,11,42,43,13,84
fc,8,0,8,11,44,45,14,91
fc,8,0,8,11,46,47,15,95
fc,8,0,8,11,48,49,16,98
fc,8,0,8,11,50,50,17,99
fc,8,0,8,11,51,inf,18,100

eh,9,0,9,11,0,126,1,0
eh,9,0,9,11,127,134,2,0
eh,9,0,9,11,135,143,3,1
eh,9,0,9,11,144,149,4,2
eh,9,0,9,11,150,155,5,5
eh,9,0,9,11,156,160,6,9
eh,9,0,9,11,161,165,7,16
eh,9,0,9,11,166,170,8,25
eh,9,0,9,11,171,175,9,37
eh,9,0,9,11,176,180,10,50
eh,9,0,9,11,181,185,11,63
eh,9,0,9,11,186,188,12,75
eh,9,0,9,11,189,189,13,84
eh,9,0,9,11,190,190,14,91
eh,9,0,9,11,191,191,15,95
eh,9,0,9,11,192,inf,16,98

co,9,0,9,11,0,10,1,0
co,9,0,9,11,11,12,2,0
co,9,0,9,11,13,15,3,1
co,9,0,9,11,16,17,4,2
co,9,0,9,11,18,19,5,5
co,9,0,9,11,20,22,6,9
co,9,0,9,11,23,24,7,16
co,9,0,9,11,25,26,8,25
co,9,0,9,11,27,28,9,37
co,9,0,9,11,29,29,10,50
co,9,0,9,11,30,31,11,63
co,9,0,9,11,32,33,12,75
co,9,0,9,11,34,34,13,84
co,9,0,9,11,35,36,14,91
co,9,0,9,11,37,38,15,95
co,9,0,9,11,39,39,16,98
co,9,0,9,11,40,40,17,99
co,9,0,9,11,41,41,18,100
co,9,0,9,11,42,42,19,100
co,9,0,9,11,43,inf,20,100

fg,9,0,9,11,0,12,1,0
fg,9,0,9,11,13,16,2,0
fg,9,0,9,11,17,21,3,1
fg,9,0,9,11,22,27,4,2
fg,9,0,9,11,28,33,5,5
fg,9,0,9,11,34,38,6,9
fg,9,0,9,11,39,42,7,16
fg,9,0,9,11,43,45,8,25
fg,9,0,9,11,46,48,9,37
fg,9,0,9,11,49,51,10,50
fg,9,0,9,11,52,54,11,63
fg,9,0,9,11,55,57,12,75
fg,9,0,9,11,58,59,13,84
fg,9,0,9,11,60,61,14,91
fg,9,0,9,11,62,62,15,95
fg,9,0,9,11,63,64,16,98
fg,9,0,9,11,65,65,17,99
fg,9,0,9,11,66,66,18,100
fg,9,0,9,11,67,67,19,100
fg,9,0,9,11,68,inf,20,100

vc,9,0,9,11,0,4,1,0
vc,9,0,9,11,5,5,2,0
vc,9,0,9,11,6,6,3,1
vc,9,0,9,11,7,8,4,2
vc,9,0,9,11,9,9,5,5
vc,9,0,9,11,10,10,6,9
vc,9,0,9,11,11,12,7,16
vc,9,0,9,11,13,13,8,25
vc,9,0,9,11,14,14,9,37
vc,9,0,9,11,15,16,10,50
vc,9,0,9,11,17,17,11,63
vc,9,0,9,11,18,18,12,75
vc,9,0,9,11,19,19,13,84
vc,9,0,9,11,20,21,14,91
vc,9,0,9,11,22,22,15,95
vc,9,0,9,11,23,23,16,98
vc,9,0,9,11,24,24,17,99
vc,9,0,9,11,25,25,18,100
vc,9,0,9,11,26,inf,19,100

fc,9,0,9,11,0,13,1,0
fc,9,0,9,11,14,15,2,0
fc,9,0,9,11,16,18,3,1
fc,9,0,9,11,19,21,4,2
fc,9,0,9,11,22,23,5,5
fc,9,0,9,11,24,26,6,9
fc,9,0,9,11,27,29,7,16
fc,9,0,9,11,30,32,8,25
fc,9,0,9,11,33,35,9,37
fc,9,0,9,11,36,37,10,50
fc,9,0,9,11,38,40,11,63
fc,9,0,9,11,41,42,12,75
fc,9,0,9,11,43,44,13,84
fc,9,0,9,11,45,46,14,91
fc,9,0,9,11,47,48,15,95
fc,9,0,9,11,49,50,16,98
fc,9,0,9,11,51,inf,17,99

eh,10,0,10,11,0,134,1,0
eh,10,0,10,11,135,143,2,0
eh,10,0,10,11,144,149,3,1
eh,10,0,10,11,150,155,4,2
eh,10,0,10,11,156,160,5,5
eh,10,0,10,11,161,164,6,9
eh,10,0,10,11,165,169,7,16
eh,10,0,10,11,170,173,8,25
eh,10,0,10,11,174,177,9,37
eh,10,0,10,11,178,182,10,50
eh,10,0,10,11,183,186,11,63
eh,10,0,10,11,187,188,12,75
eh,10,0,10,11,189,189,13,84
eh,10,0,10,11,190,190,14,91
eh,10,0,10,11,191,191,15,95
eh,10,0,10,11,192,inf,16,98

co,10,0,10,11,0,11,1,0
co,10,0,10,11,12,13,2,0
co,10,0,10,11,14,16,3,1
co,10,0,10,11,17,19,4,2
co,10,0,10,11,20,21,5,5
co,10,0,10,11,22,23,6,9
co,10,0,10,11,24,25,7,16
co,10,0,10,11,26,27,8,25
co,10,0,10,11,28,29,9,37
co,10,0,10,11,30,31,10,50
co,10,0,10,11,32,33,11,63
co,10,0,10,11,34,34,12,75
co,10,0,10,11,35,36,13,84
co,10,0,10,11,37,38,14,91
co,10,0,10,11,39,39,15,95
co,10,0,10,11,40,40,16,98
co,10,0,10,11,41,41,17,99
co,10,0,10,11,42,42,18,100
co,10,0,10,11,43,43,19,100
co,10,0,10,11,44,inf,20,100

fg,10,0,10,11,0,14,1,0
fg,10,0,10,11,15,18,2,0
fg,10,0,10,11,19,22,3,1
fg,10,0,10,11,23,28,4,2
fg,10,0,10,11,29,35,5,5
fg,10,0,10,11,36,40,6,9
fg,10,0,10,11,41,44,7,16
fg,10,0,10,11,45,47,8,25
fg,10,0,10,11,48,50,9,37
fg,10,0,10,11,51,53,10,50
fg,10,0,10,11,54,55,11,63
fg,10,0,10,11,56,58,12,75
fg,10,0,10,11,59,60,13,84
fg,10,0,10,11,61,61,14,91
fg,10,0,10,11,62,63,15,95
fg,10,0,10,11,64,64,16,98
fg,10,0,10,11,65,65,17,99
fg,10,0,10,11,66,66,18,100
fg,10,0,10,11,67,67,19,100
fg,10,0,10,11,68,inf,20,100

vc,10,0,10,11,0,4,1,0
vc,10,0,10,11,5,6,2,0
vc,10,0,10,11,7,7,3,1
vc,10,0,10,11,8,9,4,2
vc,10,0,10,11,10,10,5,5
vc,10,0,10,11,11,11,6,9
vc,10,0,10,11,12,13,7,16
vc,10,0,10,11,14,14,8,25
vc,10,0,10,11,15,15,9,37
vc,10,0,10,11,16,17,10,50
vc,10,0,10,11,18,18,11,63
vc,10,0,10,11,19,19,12,75
vc,10,0,10,11,20,20,13,84
vc,10,0,10,11,21,21,14,91
vc,10,0,10,11,22,23,15,95
vc,10,0,10,11,25,25,16,98
vc,10,0,10,11,24,24,17,99
vc,10,0,10,11,26,inf,18,100

fc,10,0,10,11,0,13,1,0
fc,10,0,10,11,14,15,2,0
fc,10,0,10,11,16,18,3,1
fc,10,0,10,11,19,22,4,2
fc,10,0,10,11,23,25,5,5
fc,10,0,10,11,26,27,6,9
fc,10,0,10,11,28,30,7,16
fc,10,0,10,11,31,33,8,25
fc,10,0,10,11,34,36,9,37
fc,10,0,10,11,37,39,10,50
fc,10,0,10,11,40,41,11,63
fc,10,0,10,11,42,43,12,75
fc,10,0,10,11,44,45,13,84
fc,10,0,10,11,46,47,14,91
fc,10,0,10,11,48,49,15,95
fc,10,0,10,11,50,50,16,98
fc,10,0,10,11,51,inf,17,99

eh,11,0,11,11,0,143,1,0
eh,11,0,11,11,144,149,2,0
eh,11,0,11,11,150,155,3,1
eh,11,0,11,11,156,160,4,2
eh,11,0,11,11,161,164,5,5
eh,11,0,11,11,165,168,6,9
eh,11,0,11,11,169,172,7,16
eh,11,0,11,11,173,176,8,25
eh,11,0,11,11,177,180,9,37
eh,11,0,11,11,181,184,10,50
eh,11,0,11,11,185,187,11,63
eh,11,0,11,11,188,189,12,75
eh,11,0,11,11,190,190,13,84
eh,11,0,11,11,191,191,14,91
eh,11,0,11,11,192,inf,15,95

co,11,0,11,11,0,12,1,0
co,11,0,11,11,13,14,2,0
co,11,0,11,11,15,17,3,1
co,11,0,11,11,18,20,4,2
co,11,0,11,11,21,22,5,5
co,11,0,11,11,23,25,6,9
co,11,0,11,11,26,27,7,16
co,11,0,11,11,28,29,8,25
co,11,0,11,11,30,31,9,37
co,11,0,11,11,32,33,10,50
co,11,0,11,11,34,34,11,63
co,11,0,11,11,35,36,12,75
co,11,0,11,11,37,38,13,84
co,11,0,11,11,39,39,14,91
co,11,0,11,11,40,40,15,95
co,11,0,11,11,41,41,16,98
co,11,0,11,11,42,42,17,99
co,11,0,11,11,43,43,18,100
co,11,0,11,11,44,44,19,100
co,11,0,11,11,45,inf,20,100

fg,11,0,11,11,0,16,1,0
fg,11,0,11,11,17,20,2,0
fg,11,0,11,11,21,24,3,1
fg,11,0,11,11,25,29,4,2
fg,11,0,11,11,30,38,5,5
fg,11,0,11,11,39,42,6,9
fg,11,0,11,11,43,46,7,16
fg,11,0,11,11,47,49,8,25
fg,11,0,11,11,50,52,9,37
fg,11,0,11,11,53,55,10,50
fg,11,0,11,11,56,57,11,63
fg,11,0,11,11,58,59,12,75
fg,11,0,11,11,60,61,13,84
fg,11,0,11,11,62,62,14,91
fg,11,0,11,11,63,63,15,95
fg,11,0,11,11,64,64,16,98
fg,11,0,11,11,65,65,17,99
fg,11,0,11,11,66,66,18,100
fg,11,0,11,11,67,67,19,100
fg,11,0,11,11,68,inf,20,100

vc,11,0,11,11,0,5,1,0
vc,11,0,11,11,6,6,2,0
vc,11,0,11,11,7,8,3,1
vc,11,0,11,11,9,10,4,2
vc,11,0,11,11,11,11,5,5
vc,11,0,11,11,12,12,6,9
vc,11,0,11,11,13,14,7,16
vc,11,0,11,11,15,15,8,25
vc,11,0,11,11,16,16,9,37
vc,11,0,11,11,17,18,10,50
vc,11,0,11,11,19,19,11,63
vc,11,0,11,11,20,20,12,75
vc,11,0,11,11,21,21,13,84
vc,11,0,11,11,22,22,14,91
vc,11,0,11,11,23,23,15,95
vc,11,0,11,11,24,24,16,98
vc,11,0,11,11,25,25,17,99
vc,11,0,11,11,26,inf,18,100

fc,11,0,11,11,0,13,1,0
fc,11,0,11,11,14,15,2,0
fc,11,0,11,11,16,20,3,1
fc,11,0,11,11,21,23,4,2
fc,11,0,11,11,24,26,5,5
fc,11,0,11,11,27,29,6,9
fc,11,0,11,11,30,32,7,16
fc,11,0,11,11,33,35,8,25
fc,11,0,11,11,36,38,9,37
fc,11,0,11,11,39,41,10,50
fc,11,0,11,11,42,43,11,63
fc,11,0,11,11,44,45,12,75
fc,11,0,11,11,46,47,13,84
fc,11,0,11,11,48,49,14,91
fc,11,0,11,11,50,50,15,95
fc,11,0,11,11,51,inf,16,98

eh,12,0,12,11,0,149,1,0
eh,12,0,12,11,150,155,2,0
eh,12,0,12,11,156,160,3,1
eh,12,0,12,11,161,164,4,2
eh,12,0,12,11,165,168,5,5
eh,12,0,12,11,169,171,6,9
eh,12,0,12,11,172,175,7,16
eh,12,0,12,11,176,180,8,25
eh,12,0,12,11,181,183,9,37
eh,12,0,12,11,184,186,10,50
eh,12,0,12,11,187,188,11,63
eh,12,0,12,11,189,189,12,75
eh,12,0,12,11,190,190,13,84
eh,12,0,12,11,191,191,14,91
eh,12,0,12,11,192,inf,15,95

co,12,0,12,11,0,12,1,0
co,12,0,12,11,13,15,2,0
co,12,0,12,11,16,18,3,1
co,12,0,12,11,19,21,4,2
co,12,0,12,11,22,24,5,5
co,12,0,12,11,25,26,6,9
co,12,0,12,11,27,28,7,16
co,12,0,12,11,29,30,8,25
co,12,0,12,11,31,33,9,37
co,12,0,12,11,34,34,10,50
co,12,0,12,11,35,36,11,63
co,12,0,12,11,37,38,12,75
co,12,0,12,11,39,39,13,84
co,12,0,12,11,40,40,14,91
co,12,0,12,11,41,41,15,95
co,12,0,12,11,42,42,16,98
co,12,0,12,11,43,43,17,99
co,12,0,12,11,44,44,18,100
co,12,0,12,11,45,45,19,100
co,12,0,12,11,46,inf,20,100

fg,12,0,12,11,0,19,1,0
fg,12,0,12,11,20,22,2,0
fg,12,0,12,11,23,26,3,1
fg,12,0,12,11,27,31,4,2
fg,12,0,12,11,32,40,5,5
fg,12,0,12,11,41,45,6,9
fg,12,0,12,11,46,48,7,16
fg,12,0,12,11,49,51,8,25
fg,12,0,12,11,52,54,9,37
fg,12,0,12,11,55,56,10,50
fg,12,0,12,11,57,59,11,63
fg,12,0,12,11,60,60,12,75
fg,12,0,12,11,61,62,13,84
fg,12,0,12,11,63,63,14,91
fg,12,0,12,11,64,64,15,95
fg,12,0,12,11,65,65,16,98
fg,12,0,12,11,66,66,17,99
fg,12,0,12,11,67,67,18,100
fg,12,0,12,11,68,68,19,100
fg,12,0,12,11,69,inf,20,100

vc,12,0,12,11,0,6,1,0
vc,12,0,12,11,7,7,2,0
vc,12,0,12,11,8,9,3,1
vc,12,0,12,11,10,11,4,2
vc,12,0,12,11,12,12,5,5
vc,12,0,12,11,13,14,6,9
vc,12,0,12,11,15,15,7,16
vc,12,0,12,11,16,16,8,25
vc,12,0,12,11,17,17,9,37
vc,12,0,12,11,18,19,10,50
vc,12,0,12,11,20,20,11,63
vc,12,0,12,11,21,21,12,75
vc,12,0,12,11,22,22,13,84
vc,12,0,12,11,23,23,14,91
vc,12,0,12,11,24,24,15,95
vc,12,0,12,11,25,25,16,98
vc,12,0,12,11,26,inf,17,99

fc,12,0,12,11,0,13,1,0
fc,12,0,12,11,14,16,2,0
fc,12,0,12,11,17,21,3,1
fc,12,0,12,11,22,25,4,2
fc,12,0,12,11,26,28,5,5
fc,12,0,12,11,29,31,6,9
fc,12,0,12,11,32,34,7,16
fc,12,0,12,11,35,37,8,25
fc,12,0,12,11,38,41,9,37
fc,12,0,12,11,42,43,10,50
fc,12,0,12,11,44,45,11,63
fc,12,0,12,11,46,47,12,75
fc,12,0,12,11,48,48,13,84
fc,12,0,12,11,49,49,14,91
fc,12,0,12,11,50,50,15,95
fc,12,0,12,11,51,inf,16,98
